INSERT INTO usuario (id_usuario, nombre_completo, username, password, email, fecha_registro, estado) VALUES (1, 'Ariel Martínez', 'ariel', '1234', 'ariel@mail.com', CURRENT_TIMESTAMP, true), (2, 'Laura Gómez', 'laura', 'abcd', 'laura@mail.com', CURRENT_TIMESTAMP, true), (3, 'Carlos Pérez', 'carlos', 'pass123', 'carlos@mail.com', CURRENT_TIMESTAMP, true), (4, 'Marta López', 'marta', 'marta2025', 'marta@mail.com', CURRENT_TIMESTAMP, true), (5, 'José Fernández', 'jose', 'jose2025', 'jose@mail.com', CURRENT_TIMESTAMP, true); INSERT INTO icono_seguridad (id_icono, nombre_icono, id_img) VALUES (1, 'Candado', 'img1'), (2, 'Escudo', 'img2'), (3, 'Llave', 'img3'), (4, 'Huella', 'img4'), (5, 'Ojo', 'img5'), (6, 'Cerradura', 'img6'), (7, 'Rostro', 'img7'), (8, 'Tarjeta', 'img8'), (9, 'Teléfono', 'img9'), (10, 'Alarma', 'img10'); INSERT INTO pregunta_seguridad (id_pregunta, pregunta) VALUES (1, '¿Cuál es el nombre de tu primera mascota?'), (2, '¿En qué ciudad naciste?'), (3, '¿Cuál es tu comida favorita?'), (4, '¿Cuál fue tu escuela primaria?'), (5, '¿Cuál es tu color favorito?'); INSERT INTO verificacion_usuario (id_verificacion, id_usuario, id_pregunta, respuesta, id_icono) VALUES (1, 1, 1, 'Toby', 1), (2, 2, 2, 'Bogotá', 2), (3, 3, 3, 'Pizza', 3), (4, 4, 4, 'San Juan', 4), (5, 5, 5, 'Azul', 5); INSERT INTO cuenta (id_cuenta, id_usuario, numero_cuenta, saldo, tipo_cuenta, fecha_creacion) VALUES (1, 1, '1234567890', 1500.75, 'Ahorros', CURRENT_TIMESTAMP), (2, 1, '9876543210', 250.00, 'Corriente', CURRENT_TIMESTAMP), (3, 2, '1122334455', 3000.00, 'Ahorros', CURRENT_TIMESTAMP), (4, 3, '2233445566', 500.00, 'Corriente', CURRENT_TIMESTAMP), (5, 4, '3344556677', 750.50, 'Ahorros', CURRENT_TIMESTAMP), (6, 5, '4455667788', 1200.00, 'Corriente', CURRENT_TIMESTAMP);
